time_fs,experiment_digitized,plain_mean,plain_sem,plain_ci95_low,plain_ci95_high,boltzmann_mean,boltzmann_sem,boltzmann_ci95_low,boltzmann_ci95_high,boltzmann_minus_plain
0.0,0.0,0.0013908333014493954,0.00043941051684645165,0.00039681765333177284,0.002384848949567018,0.0013908333014493954,0.00043941051684645165,0.00039681765333177284,0.002384848949567018,0.0
0.5,0.013180894000000002,0.001449896641724111,0.0005368024718535438,0.00023556508498283075,0.002664228198465391,0.010924199121929441,0.003899863948746286,0.0021020939561165585,0.019746304287742322,0.00947430248020533
1.0,0.026361788000000004,0.002571054230213477,0.0005821778824925836,0.0012540763632776467,0.0038880320971493073,0.022333003934834342,0.009036832160211632,0.001890269334101316,0.04277573853556737,0.019761949704620866
1.5,0.03954268200000001,0.0037384778004308393,0.0005685372468717707,0.002452357195070514,0.0050245984057911645,0.03398516102164312,0.013477417948975803,0.0034971234715891024,0.06447319857169713,0.030246683221212278
2.0,0.05272357600000001,0.005332439649673331,0.0005705855025334242,0.00404168556809664,0.006623193731250023,0.0439744189035868,0.016569806902142666,0.0064909115327954695,0.08145792627437812,0.03864197925391347
2.5,0.06590447,0.007017091668446174,0.000534326003109703,0.005808362273212357,0.00822582106367999,0.0514636301309591,0.01854618521222213,0.009509244409512042,0.09341801585240617,0.044446538462512925
3.0,0.07908536400000002,0.008798347971305565,0.0007864632626333738,0.007019244468417874,0.010577451474193256,0.059789666124884365,0.019905336059540535,0.014760667578776754,0.10481866467099198,0.050991318153578796
3.5,0.09226625800000002,0.01056765495029139,0.0010126576831503272,0.00827686411883364,0.01285844578174914,0.06524112133218721,0.020791166838785357,0.018208234343734295,0.11227400832064012,0.05467346638189582
4.0,0.10544715200000002,0.012807089349407077,0.0013860419852584067,0.009671644544438257,0.0159425341543759,0.06951521951591906,0.021269843284430757,0.021399491177259866,0.11763094785457825,0.05670813016651198
4.5,0.11862804600000001,0.015678452741174388,0.001733792895006305,0.01175634072483033,0.019600564757518445,0.07542159307484872,0.021485331061051466,0.026818397518799483,0.12402478863089796,0.05974314033367433
5.0,0.13180894,0.01921175588891614,0.002202295262792997,0.014229817885469311,0.024193693892362967,0.08306110253717199,0.021538455714065315,0.03433773066678333,0.13178447440756064,0.06384934664825584
5.5,0.13442072900000002,0.023139584346360847,0.0027235622743619174,0.016978458438933836,0.02930071025378786,0.09229210638694388,0.021747086061603565,0.04309677988148283,0.14148743289240492,0.06915252204058303
6.0,0.13703251800000002,0.02728918495580186,0.003166138759037387,0.020126881483455445,0.03445148842814827,0.10291676368543493,0.02230698837057752,0.052454850161229895,0.15337867720963996,0.07562757872963306
6.5,0.139644307,0.0315071972876368,0.0038695980082564985,0.022753558435893405,0.04026083613938019,0.11531042244589969,0.02354436377613946,0.062049371284863215,0.16857147360693617,0.08380322515826288
7.0,0.142256096,0.035275278130012785,0.004545326849334901,0.024993034440276785,0.045557521819748786,0.1279726028481323,0.024791952321711743,0.07188931032243477,0.18405589537382983,0.09269732471811952
7.5,0.144867885,0.039510562856537874,0.005244612745313726,0.027646424568330528,0.051374701144745225,0.14168338670853334,0.025315543870765473,0.08441564780973404,0.19895112560733264,0.10217282385199547
8.0,0.147479674,0.04367541815473557,0.0060849046808427705,0.029910407445682664,0.05744042886378848,0.15740415144660805,0.02612235242758405,0.09831128479194962,0.21649701810126648,0.11372873329187247
8.5,0.150091463,0.04740089846797527,0.006912834149203887,0.03176298118173128,0.06303881575421927,0.17382992056250043,0.029459195835565704,0.10718858969115383,0.24047125143384704,0.12642902209452517
9.0,0.15270325199999998,0.0509959765431655,0.007832805674681361,0.03327693908094082,0.06871501400539018,0.18778534136426858,0.034409843621463924,0.10994486714328452,0.26562581558525267,0.1367893648211031
9.5,0.155315041,0.054442800549990275,0.008813623400603007,0.034504999243617676,0.07438060185636287,0.19806489977158195,0.03903136627043304,0.10976981498693995,0.28635998455622397,0.1436220992215917
10.0,0.15792683,0.05765739931544835,0.00958195252656531,0.03598151677335071,0.079333281857546,0.2060052190664215,0.042660930148676564,0.10949949035657441,0.3025109477762686,0.14834781975097314
10.5,0.16074187099999998,0.060622471311741435,0.010279729768349736,0.03736810698406457,0.0838768356394183,0.2123457448111828,0.04518184071735343,0.11013732020148874,0.31455416942087683,0.15172327349944137
11.0,0.163556912,0.06406897120462753,0.010942412685952497,0.03931551396819452,0.08882242844106053,0.2187755553784771,0.04661389108546297,0.1133276077709962,0.324223502985958,0.15470658417384958
11.5,0.166371953,0.06713800924115461,0.011557030746371365,0.04099418935692557,0.09328182912538364,0.22619387327974466,0.047208824162563924,0.119400093550481,0.33298765300900834,0.15905586403859007
12.0,0.169186994,0.07043159405092923,0.012235675985787233,0.04275257197731876,0.09811061612453971,0.23686639465246837,0.047115578231974584,0.1302835518729944,0.34344923743194233,0.16643480060153915
12.5,0.172002035,0.07395219684854643,0.01305047992081793,0.044429960216984546,0.1034744334801083,0.2507804845198653,0.047289939795704665,0.14380320848007286,0.3577577605596577,0.17682828767131886
13.0,0.17481707600000002,0.07736912731106564,0.013988533070615447,0.045724867027551463,0.10901338759457982,0.26688599370003885,0.049125628141166576,0.15575610212079197,0.37801588527928576,0.1895168663889732
13.5,0.177632117,0.08089920906032286,0.015138980989498648,0.046652454776616455,0.11514596334402927,0.28303625363482904,0.05228048739935898,0.16476957458686564,0.40130293268279243,0.20213704457450618
14.0,0.180447158,0.0841720674507307,0.01642731825837493,0.047010891786063935,0.12133324311539748,0.2978618539096713,0.0553637093663472,0.17262044220441639,0.42310326561492617,0.2136897864589406
14.5,0.18326219900000001,0.08710689796002338,0.017710932431387567,0.04704198529953503,0.12717181062051175,0.31288123940836166,0.05701610385567963,0.18390185167320275,0.4418606271435206,0.22577434144833827
15.0,0.18607724,0.08995421393460634,0.01885202035012478,0.04730798106530033,0.13260044680391236,0.3311817430986249,0.05701614748185705,0.20220225667419628,0.46016122952305355,0.24122752916401857
15.5,0.188485776,0.09221115882166603,0.01989018195935092,0.04721644123184896,0.1372058764114831,0.35099576234067414,0.05848544273739451,0.21869249912958388,0.4832990255517644,0.2587846035190081
16.0,0.190894312,0.09367745240296702,0.020687364636538502,0.046879382309846854,0.1404755224960872,0.35425992151622426,0.05959683809591022,0.2194425073341049,0.48907733569834366,0.2605824691132572
16.5,0.193302848,0.09476725804128047,0.021360369595267378,0.046446744960135455,0.1430877711224255,0.3476476692830648,0.06070711391151388,0.21031863671193393,0.4849767018541956,0.2528804112417843
17.0,0.19571138400000002,0.09528139175871517,0.021900009075368758,0.04574012936229995,0.14482265415513038,0.3433712150166382,0.062361630272833285,0.20229940640768934,0.48444302362558705,0.24808982325792303
17.5,0.19811992,0.09549610813202966,0.02228117408390521,0.045092590581324365,0.14589962568273496,0.3417151801348788,0.06342065269150965,0.19824769637589812,0.48518266389385944,0.24621907200284912
18.0,0.200528456,0.09549796184936898,0.02271439498990903,0.04411443052304901,0.14688149317568897,0.34304806660958687,0.06368968034495029,0.19897200001736962,0.48712413320180414,0.24755010476021788
18.5,0.202936992,0.09576169992272361,0.023033082656398893,0.04365724700894033,0.1478661528365069,0.3466813075515106,0.06344564051691354,0.20315729740430838,0.49020531769871284,0.250919607628787
19.0,0.205345528,0.09628573756355575,0.02342076947761509,0.04330427613021411,0.1492671989968974,0.3556456647663607,0.06247935186031173,0.21430755142507496,0.4969837781076465,0.259359927202805
19.5,0.20775406400000002,0.09700058251937872,0.02382760525133958,0.04309879462640094,0.1509023704123565,0.3735429834575884,0.06218360354811329,0.23287389927914434,0.5142120676360324,0.2765424009382097
20.0,0.2101626,0.09811511425475629,0.024307349642010593,0.043128069152083,0.15310215935742957,0.3891831169453118,0.0624140436952423,0.24799274093743073,0.5303734929531929,0.29106800269055555
20.5,0.21271510700000001,0.09909404617300678,0.024821170448773917,0.042944657651890365,0.1552434346941232,0.4001338104624456,0.060761046736845174,0.2626827733641786,0.5375848475607126,0.30103976428943885
21.0,0.215267614,0.10005807343692778,0.025407999126849528,0.04258118621833442,0.15753496065552114,0.38216379667972866,0.06191838433773828,0.24209468003776094,0.5222329133216964,0.28210572324280087
21.5,0.217820121,0.10070887546861833,0.026076544546423636,0.0417196334404421,0.15969811749679455,0.3671191479240544,0.06610816139540157,0.2175720971003319,0.516666198747777,0.2664102724554361
22.0,0.220372628,0.10106041830615645,0.026414855927792275,0.04130586276334209,0.1608149738489708,0.36768549881950374,0.06630628865034141,0.21769025300686246,0.517680744632145,0.2666250805133473
22.5,0.222925135,0.10094913403027814,0.026720901548134023,0.04050225519524757,0.1613960128653087,0.3695437363445493,0.06682001292686136,0.21838636548004633,0.5207011072090523,0.2685946023142711
23.0,0.225477642,0.1001374332607643,0.026801573238809516,0.03950806238283261,0.16076680413869598,0.3704164151139323,0.06720270335613879,0.21839333835368374,0.5224394918741808,0.270278981853168
23.5,0.228030149,0.09904126288981333,0.026541200365632497,0.039000896371951935,0.15908162940767473,0.4059962045871942,0.05831898925626671,0.2740694853107192,0.5379229238636692,0.3069549416973809
24.0,0.230582656,0.09797641048758328,0.026162315864730692,0.038793140257331306,0.15715968071783526,0.407543085162042,0.05673597857254303,0.2791973848426271,0.5358887854814569,0.30956667467445875
24.5,0.23313516299999998,0.09684729024560682,0.025655453565086958,0.038810622197074617,0.154883958294139,0.4055540238920388,0.05373565468854382,0.28399552773769493,0.5271125200463826,0.308706733646432
25.0,0.23568767,0.09599916098961145,0.025113187241193415,0.03918918458984959,0.1528091373893733,0.41074121475716946,0.04695365453380152,0.3045246688313535,0.5169577606829854,0.31474205376755804
25.5,0.23798272399999998,0.09496903200023302,0.02461624811261873,0.039283210009678854,0.15065485399078718,0.4415945399926263,0.04792411047193249,0.3331826702151331,0.5500064097701196,0.34662550799239333
26.0,0.240277778,0.09440547146698372,0.02409732220940147,0.03989354142538302,0.14891740150858443,0.43833890676817144,0.0445137122324888,0.3376418937962208,0.5390359197401221,0.3439334353011877
26.5,0.242572832,0.09407213948574801,0.023518969510330057,0.040868534145007705,0.1472757448264883,0.44186822318005453,0.039137910498590216,0.353332118606526,0.530404327753583,0.34779608369430653
27.0,0.24486788599999998,0.09401750914736028,0.022967036145241194,0.04206246382187391,0.14597255447284663,0.46058093338694805,0.03486679804584067,0.3817067564417623,0.5394551103321339,0.36656342423958777
27.5,0.24716294,0.0942070671525677,0.022532504310203816,0.04323500113019927,0.14517913317493614,0.4507116168864246,0.04785100885949719,0.34246511444511807,0.5589581193277311,0.35650454973385687
28.0,0.249457994,0.09469308630022287,0.02216619199415705,0.044549676307441305,0.14483649629300444,0.44822766652381885,0.052748883037804506,0.3289014029272963,0.5675539301203414,0.35353458022359596
28.5,0.251753048,0.09492418788921013,0.02201506607019433,0.04512264848781378,0.14472572729060648,0.4441100548638257,0.05463730392089697,0.3205118864401323,0.5677082232875191,0.34918586697461557
29.0,0.254048102,0.09583508316286352,0.022096809132423272,0.04584862810773233,0.1458215382179947,0.43827949058478294,0.05447190582800758,0.31505547864164163,0.5615035025279242,0.3424444074219194
29.5,0.25634315599999996,0.09724531105256251,0.022248015483670284,0.04691680346688887,0.14757381863823615,0.43462987981982676,0.05467717468650232,0.3109415174581307,0.5583182421815228,0.33738456876726425
30.0,0.25863821,0.09962171731322453,0.022271940157044447,0.04923908835630858,0.15000434627014048,0.4358778165139919,0.05593616061525373,0.3093414301156383,0.5624142029123455,0.3362560992007674
30.5,0.261422763,0.10232434724931527,0.022029417527220447,0.052490342596609896,0.15215835190202065,0.43908319177117566,0.05635646962935806,0.3115960003259538,0.5665703832163975,0.3367588445218604
31.0,0.26420731599999997,0.10559213257205868,0.02186145225311848,0.05613809176727382,0.15504617337684354,0.44666344622548637,0.05438314038555378,0.32364023566380584,0.5696866567871669,0.3410713136534277
31.5,0.266991869,0.10906467409665224,0.021465793595233665,0.06050567535884676,0.15762367283445772,0.4650115569591877,0.05398264106585016,0.3428943388022929,0.5871287751160825,0.3559468828625355
32.0,0.26977642199999996,0.11257267047437873,0.021086710087404193,0.06487121820912956,0.1602741227396279,0.4899448269217799,0.0549899997493649,0.3655488051034089,0.6143408487401508,0.37737215644740113
32.5,0.272560975,0.11539119475962571,0.020438322661555607,0.06915649675406443,0.161625892765187,0.5180682278436637,0.054611616098620364,0.3945281693111314,0.6416082863761959,0.40267703308403796
33.0,0.275345528,0.11715639812296777,0.01976074873243705,0.07245447883452524,0.1618583174114103,0.5548020131464906,0.049593442871346885,0.44261385112447765,0.6669901751685035,0.43764561502352284
33.5,0.278130081,0.11780912544277056,0.01887841280643205,0.07510318868938373,0.16051506219615738,0.5747073579553574,0.04703679903792258,0.46830272609399204,0.6811119898167228,0.4568982325125869
34.0,0.280914634,0.11752946087458165,0.01811124660901076,0.07655897462979094,0.15849994711937235,0.5803440046178902,0.042756097595603226,0.4836229921863074,0.677065017049473,0.4628145437433085
34.5,0.28369918699999996,0.11731914231260307,0.017353139079926024,0.07806361444494503,0.1565746701802611,0.564437379036286,0.04071517747457079,0.4723332486753098,0.6565415093972622,0.4471182367236829
35.0,0.28648374,0.116426519333614,0.016844199833961973,0.0783222920266711,0.1545307466405569,0.5630187634668744,0.04919786651039017,0.4517254573432555,0.6743120695904934,0.4465922441332604
35.5,0.289325881,0.11585543174591298,0.016814790759093853,0.07781773238833589,0.15389313110349007,0.559181267795686,0.05027717216946264,0.4454464026444873,0.6729161329468847,0.44332583604977305
36.0,0.29216802199999997,0.11516304405613778,0.017272059196668594,0.0760909316271539,0.15423515648512165,0.556679792698546,0.05037920802954299,0.4427141063955985,0.6706454790014934,0.4415167486424082
36.5,0.295010163,0.11528129714224547,0.018205478674722875,0.07409764315503356,0.15646495112945738,0.5531947449524235,0.05219410501398876,0.43512347643626975,0.6712660134685772,0.43791344781017805
37.0,0.297852304,0.11647883315020983,0.01960673352831936,0.07212532045895056,0.1608323458414691,0.5453653983464906,0.05849437207871459,0.41304193556197355,0.6776888611310076,0.4288865651962807
37.5,0.300694445,0.11820176714466017,0.02109071114934937,0.07049126384847268,0.16591227044084766,0.5625122641072431,0.04645598851642497,0.45742151692734456,0.6676030112871416,0.4443104969625829
38.0,0.303536586,0.12183308269990198,0.022794457700798066,0.07026843693866686,0.1733977284611371,0.5431011104337468,0.06405044736837118,0.39820893213537645,0.6879932887321171,0.42126802773384475
38.5,0.306378727,0.12666227575821448,0.024469361181696864,0.07130873509057487,0.1820158164258541,0.5487196366187481,0.06379702960920469,0.40440072911947067,0.6930385441180256,0.42205736086053364
39.0,0.30922086800000004,0.13207568919050822,0.026051834636758933,0.07314234486147347,0.19100903351954296,0.5552689326165205,0.06444851261099735,0.4094762681782601,0.701061597054781,0.42319324342601233
39.5,0.312063009,0.13867208713612614,0.027784232570150173,0.07581978641315676,0.20152438785909552,0.5652673933188515,0.0651422979214757,0.4179052774710095,0.7126295091666934,0.42659530618272534
40.0,0.31490515,0.14554356519760858,0.029512114375611957,0.07878252427184856,0.2123046061233686,0.5840847742446876,0.0655372530609553,0.43582920779906587,0.7323403406903094,0.43854120904707905
40.5,0.317545733,0.15234526878259963,0.031204543039150028,0.08175568823299736,0.2229348493322019,0.6031480664775135,0.06922497190761992,0.44655030042831734,0.7597458325267097,0.4508027976949139
41.0,0.320186316,0.15947757658578446,0.03290250315505399,0.08504694339774947,0.23390820977381943,0.6143565448790795,0.0749216737403986,0.444871943974219,0.78384114578394,0.4548789682932951
41.5,0.322826899,0.16601294802688493,0.03439588241651146,0.08820405624568617,0.2438218398080837,0.6284877756546312,0.07263865137683631,0.46416773014245916,0.7928078211668033,0.4624748276277463
42.0,0.32546748200000003,0.17150850129270456,0.03559343594042571,0.09099055522948202,0.2520264473559271,0.6404647793202207,0.06852898086105706,0.48544145440228903,0.7954881042381524,0.46895627802751616
42.5,0.328108065,0.17642928694158855,0.036601452729075314,0.09363104847964511,0.259227525403532,0.6465711611238854,0.06712189727436849,0.49473088042031566,0.798411441827455,0.4701418741822968
43.0,0.330748648,0.18023663238311755,0.037598507823238585,0.09518289859815249,0.2652903661680826,0.6487239395207021,0.0662482188793296,0.49886005665650046,0.7985878223849037,0.4684873071375845
43.5,0.333389231,0.18368115217877723,0.03864061750853797,0.09627000250473254,0.2710923018528219,0.6472552038053949,0.0653252218802402,0.4994792852139762,0.7950311223968136,0.4635740516266177
44.0,0.336029814,0.1864549460088525,0.03983410868173364,0.0963439317285601,0.27656596028914493,0.6488605528039271,0.06482770265544786,0.50221010089053,0.7955110047173242,0.4624056067950746
44.5,0.338670397,0.18891953823179738,0.04126740715636115,0.09556617754061848,0.2822728989229763,0.6663397196831927,0.06318693992164541,0.5234009309406109,0.8092785084257745,0.4774201814513953
45.0,0.34131098,0.19072020387500238,0.04283582764464941,0.09381882954187508,0.28762157820812967,0.6947185259474452,0.052816213789350606,0.5752399496090322,0.8141971022858582,0.5039983220724429
45.5,0.343951562,0.1924523223587448,0.04427225618636868,0.09230152091103917,0.2926031238064504,0.7440247487236341,0.03635047167787684,0.6617942688444,0.8262552286028683,0.5515724263648893
46.0,0.346592144,0.1943911610238941,0.045427464490431196,0.0916270968365649,0.2971552252112233,0.7582862348489942,0.036421738485585525,0.675894538250228,0.8406779314477603,0.5638950738251001
46.5,0.349232726,0.1962939625883639,0.04619325584035948,0.09179755801354275,0.3007903671631851,0.7683333361985935,0.03606372233895768,0.6867515283903389,0.849915144006848,0.5720393736102296
47.0,0.351873308,0.19902151775775107,0.04652299031297659,0.0937792019838592,0.30426383353164294,0.7738245284362124,0.03611489257290538,0.6921269655167082,0.8555220913557167,0.5748030106784614
47.5,0.35451389,0.20174450263361227,0.04665040990605935,0.09621394371454028,0.30727506155268425,0.7802813761116452,0.035577395391656795,0.6997997162907164,0.860763035932574,0.578536873478033
48.0,0.357154472,0.20528714689856026,0.04658464194318628,0.0999053654477879,0.31066892834933263,0.7887471543220673,0.03538822949473915,0.7086934174898184,0.8688008911543162,0.583460007423507
48.5,0.359795054,0.20895788443016375,0.046751510294047734,0.10319862054423651,0.314717148316091,0.772960384959536,0.044206551555464255,0.6729582177132635,0.8729625522058085,0.5640025005293723
49.0,0.362435636,0.21327532760131027,0.04710547121784252,0.10671534847625021,0.31983530672637034,0.772903333624426,0.04752467107435633,0.6653950585412858,0.8804116087075662,0.5596280060231157
49.5,0.365076218,0.21819156094101513,0.04772330743021202,0.11023393920267276,0.3261491826793575,0.7776971433531108,0.04962487864273343,0.665437868675686,0.8899564180305356,0.5595055824120957
50.0,0.3677168,0.2231078454331436,0.048614362336650924,0.11313451745570417,0.333081173410583,0.7825979461237152,0.05183209030340915,0.6653456117781578,0.8998502804692727,0.5594901006905717
50.5,0.370877369,0.22785077275274981,0.049637711227400516,0.11556246875200239,0.34013907675349725,0.7880102387235218,0.05439296926056054,0.6649647937018419,0.9110556837452017,0.560159465970772
51.0,0.374037938,0.23257955383490092,0.050697836766207975,0.11789307925301565,0.3472660284167862,0.7949186337620309,0.05671025969272988,0.6666311135908058,0.9232061539332559,0.56233907992713
51.5,0.377198507,0.2367889622921763,0.05155068935326875,0.12017320112161284,0.35340472346273977,0.8049903018336021,0.05996176768668168,0.6693473595637817,0.9406332441034225,0.5682013395414258
52.0,0.380359076,0.240311590777659,0.051942620548325075,0.12280921964685292,0.3578139619084651,0.8103112251220755,0.061772866604149004,0.670571292463469,0.950051157780682,0.5699996343444165
52.5,0.383519645,0.24302505290071572,0.05192582042066712,0.12556068629902795,0.3604894195024035,0.8134145564889188,0.062166944969578045,0.6727831566332312,0.9540459563446064,0.5703895035882031
53.0,0.38668021399999997,0.244481980057417,0.05130269826956026,0.12842721369318866,0.36053674642164535,0.8187491296893578,0.06184228072178915,0.6788521713873285,0.9586460879913871,0.5742671496319407
53.5,0.38984078299999997,0.24518677875464942,0.05042860133431819,0.13110935703350773,0.3592642004757911,0.8175830758312227,0.062102724441566316,0.6770969529029791,0.9580691987594663,0.5723962970765732
54.0,0.39300135199999997,0.24523154042933143,0.049387281810853216,0.13350974712701585,0.356953333731647,0.8185515691700823,0.0623703122984574,0.6774601204546797,0.9596430178854849,0.5733200287407509
54.5,0.396161921,0.24482937685970724,0.04835400399615958,0.1354450203671191,0.35421373335229533,0.8180484428739515,0.06289272193533489,0.6757752214565426,0.9603216642913605,0.5732190660142442
55.0,0.39932249,0.24390125596244389,0.047495607683075265,0.13645872683806698,0.3513437850868208,0.8186298256350437,0.06348722557727692,0.6750117435456727,0.9622479077244147,0.5747285696725999
55.5,0.402195119,0.24225171035709486,0.046751144434281626,0.13649327410345813,0.3480101466107316,0.8207112549006551,0.06258258851247712,0.6791396040272043,0.9622829057741059,0.5784595445435603
56.0,0.405067748,0.24042772721492128,0.04621442844544077,0.13588342687985921,0.34497202754998335,0.8266578448639921,0.057503231310265704,0.6965764982682184,0.9567391914597657,0.5862301176490707
56.5,0.40794037699999997,0.23816551541010317,0.04590326782161561,0.1343251093090253,0.34200592151118103,0.8387928303594757,0.04769264633722207,0.7309045688322615,0.9466810918866899,0.6006273149493726
57.0,0.410813006,0.23596482846184386,0.045825340974236836,0.13230070513674255,0.3396289517869452,0.8450448893265596,0.04242254808695494,0.749078418305132,0.9410113603479873,0.6090800608647158
57.5,0.413685635,0.23355889290425144,0.04575388206720026,0.13005642085755265,0.33706136495095024,0.845805060548529,0.03942551477598106,0.7566183498988333,0.9349917711982247,0.6122461676442775
58.0,0.416558264,0.23123631740879597,0.04586473025451769,0.12748308934116764,0.3349895454764243,0.8438302693407911,0.03719246547772948,0.7596950671561415,0.9279654715254406,0.6125939519319952
58.5,0.419430893,0.22924932590731642,0.04588977617709837,0.12543944002652194,0.33305921178811093,0.8431400454137525,0.03625654755579124,0.7611220366600591,0.925158054167446,0.6138907195064361
59.0,0.422303522,0.22805467455395906,0.04590883015839555,0.12420168557289227,0.3319076635350259,0.8466431053876832,0.03756157715062716,0.7616729145882951,0.9316132961870712,0.6185884308337242
59.5,0.425176151,0.227064039629611,0.045916171370744406,0.12319444367244521,0.3309336355867768,0.8485368490805254,0.03908822076662289,0.7601131504900871,0.9369605476709637,0.6214728094509144
60.0,0.42804878,0.226845487696254,0.04582935395712772,0.12317228637316167,0.33051868901934633,0.8429237488367335,0.041488146963849844,0.749071040008917,0.93677645766455,0.6160782611404795
60.5,0.43078252,0.22673343937251325,0.04579460640650424,0.12313884246995546,0.330328036275071,0.8462889126564577,0.039123704585533624,0.757784944090905,0.9347928812220103,0.6195554732839444
61.0,0.43351626,0.2275746995748611,0.04569481262548763,0.12420585188883833,0.3309435472608839,0.8463585207941382,0.03829162485951084,0.7597368473408737,0.9329801942474027,0.6187838212192771
61.5,0.43625,0.2290158008597582,0.04590786053092996,0.125165005328408,0.3328665963911084,0.8494815249268027,0.03728903924919191,0.7651278576932956,0.9338351921603099,0.6204657240670446
62.0,0.43898374,0.2309865709445304,0.045935655259991694,0.1270728993677436,0.3349002425213172,0.8514999738480181,0.036242771757842046,0.7695131281143295,0.9334868195817068,0.6205134029034878
62.5,0.44171748,0.23388620454163536,0.046262264483210434,0.12923369157109008,0.3385387175121807,0.8535959266327666,0.034979867812094924,0.7744659681059465,0.9327258851595868,0.6197097220911313
63.0,0.44445122,0.23728125753758258,0.046877508682081716,0.13123696549565622,0.34332554957950895,0.8573606029216154,0.03336470326589002,0.7818844004421808,0.9328368054010501,0.6200793453840329
63.5,0.44718495999999996,0.24142573765430503,0.0476728773332901,0.13358219672093802,0.34926927858767204,0.8618149694228109,0.03218578151577957,0.7890056732248331,0.9346242656207887,0.6203892317685058
64.0,0.4499187,0.24603800272586307,0.04867996784385055,0.13591626478038932,0.3561597406713368,0.8653333636773007,0.032061715379444,0.7928047245783021,0.9378620027762994,0.6192953609514377
64.5,0.45265244,0.2505916628978039,0.04959865213146911,0.13839171671069228,0.3627916090849155,0.8671630967528545,0.03248702690299611,0.793672336144408,0.940653857361301,0.6165714338550506
65.0,0.45538618,0.2545182188331436,0.050455479702919345,0.14037999401794496,0.36865644364834216,0.8685544429559442,0.03290951698134299,0.7941079433905305,0.9430009425213579,0.6140362241228006
65.5,0.457594852,0.2578149898909539,0.05098035106790251,0.14248942355788163,0.3731405562240262,0.8702872272010798,0.03278010894680298,0.7961334689479317,0.9444409854542278,0.6124722373101259
66.0,0.45980352399999996,0.259955112288996,0.051322397324432514,0.1438557835666869,0.37605444101130503,0.87077959650589,0.03224552321477129,0.797835155195617,0.943724037816163,0.610824484216894
66.5,0.462012196,0.26087478793344687,0.05140613023917118,0.14458604219829507,0.37716353366859867,0.871740942472325,0.030875451939839416,0.8018958177102598,0.9415860672343903,0.6108661545388782
67.0,0.46422086799999995,0.26063677945829605,0.0514601016833257,0.14422594183416054,0.37704761708243156,0.8653464412602732,0.030050790081792143,0.7973668312273221,0.9333260512932242,0.6047096618019772
67.5,0.46642954,0.2589401752595458,0.05133568744968977,0.14281078218519083,0.3750695683339008,0.8653754624646798,0.029626766211688402,0.7983550610667051,0.9323958638626545,0.606435287205134
68.0,0.468638212,0.25682735231835846,0.05144637870187336,0.14044755823501107,0.3732071464017058,0.8635220453287019,0.02992820861828247,0.7958197338314624,0.9312243568259414,0.6066946930103434
68.5,0.47084688399999997,0.25441342496263575,0.05141127001571801,0.13811305224515308,0.3707137976801184,0.8596818208290463,0.03014589869407922,0.791487060167561,0.9278765814905316,0.6052683958664106
69.0,0.473055556,0.2522187043570069,0.05137438465017873,0.13600177213338338,0.3684356365806304,0.8562824437395633,0.030540465879218683,0.7871951100939876,0.925369777385139,0.6040637393825564
69.5,0.47526422799999996,0.2505444955293493,0.05124495130110798,0.1346203618834384,0.36646862917526024,0.8533837533348267,0.031090429366677847,0.783052315846787,0.9237151908228665,0.6028392578054774
70.0,0.4774729,0.2498682980721887,0.05122503505860457,0.133989218096914,0.3657473780474634,0.851200164265445,0.031955957939576715,0.7789107651165672,0.9234895634143228,0.6013318661932563
70.5,0.479878049,0.25076867460347857,0.05141930620619016,0.13445012276015728,0.36708722644679986,0.8523309380896675,0.03278257936383663,0.7781715913649315,0.9264902848144035,0.601562263486189
71.0,0.48228319799999997,0.25388557074704554,0.05174320415255094,0.13683431084433045,0.37093683064976063,0.8547415377123306,0.03325559616572952,0.7795121526410422,0.929970922783619,0.6008559669652851
71.5,0.484688347,0.2588722643100626,0.05238543485648908,0.14036817762022902,0.3773763509998962,0.86200232609833,0.03386421260087027,0.7853961549988573,0.9386084971978028,0.6031300617882674
72.0,0.487093496,0.2660665889910555,0.053361178416920244,0.1453552170168838,0.3867779609652272,0.8696709178692983,0.03434189855512211,0.79198414606682,0.9473576896717766,0.6036043288782428
72.5,0.489498645,0.2748413051524747,0.054610933045343174,0.15130279179380599,0.39837981851114335,0.8782541766608686,0.03512612788794471,0.7987933548558254,0.9577149984659118,0.603412871508394
73.0,0.491903794,0.2848537761336845,0.05611946924849429,0.1579027167976328,0.41180483546973623,0.8848658399052141,0.03748500023562212,0.8000688781226138,0.9696628016878143,0.6000120637715296
73.5,0.494308943,0.2952150619272021,0.05766851207132282,0.16475982427392108,0.4256702995804831,0.8887417342026026,0.040843499996584334,0.7963473181292979,0.9811361502759073,0.5935266722754005
74.0,0.49671409200000005,0.3048692866057488,0.058820528847672984,0.1718080059501192,0.4379305672613784,0.8976365010814906,0.04005083990953257,0.8070352067018187,0.9882377954611625,0.5927672144757419
74.5,0.49911924100000005,0.31317439783940776,0.05949950545240232,0.17857716539397933,0.4477716302848362,0.9049739536905761,0.03919613413167965,0.8163061381084069,0.9936417692727453,0.5917995558511684
75.0,0.50152439,0.3193615034564366,0.05935886782919271,0.18508241541771855,0.4536405914951547,0.9077341260796636,0.039214247582380714,0.8190253350252471,0.9964429171340802,0.5883726226232271
75.5,0.503932927,0.32327217786676615,0.05838438886556082,0.1911975143956786,0.4553468413378537,0.9079396499336168,0.03833961873195468,0.8212094067980302,0.9946698930692033,0.5846674720668505
76.0,0.506341464,0.32500003966878904,0.05662204372934664,0.1969120778710095,0.4530880014665686,0.9036218772710759,0.037617489585420175,0.8185252037568281,0.9887185507853237,0.5786218376022869
76.5,0.508750001,0.32452516495664396,0.054205763784582486,0.20190320814337337,0.44714712176991456,0.8993114486102938,0.03605266375129433,0.8177546570653329,0.9808682401552546,0.5747862836536498
77.0,0.511158538,0.3217389969238482,0.05166801177777881,0.20485783399031593,0.4386201598573805,0.8940269468311888,0.0339183882983999,0.8172982217894967,0.9707556718728808,0.5722879499073406
77.5,0.5135670750000001,0.3170739537435266,0.049056717278982274,0.2060999493647684,0.4280479581222848,0.8865475122005636,0.03172386445432237,0.8147831449918057,0.9583118794093215,0.569473558457037
78.0,0.5159756120000001,0.31126872840640923,0.046775345314318,0.20545554595865084,0.4170819108541676,0.8757529807374747,0.03016158485087298,0.8075227355240406,0.9439832259509087,0.5644842523310654
78.5,0.5183841490000001,0.303867264399074,0.04497966922894902,0.20211618346999888,0.40561834532814917,0.8664077993565922,0.02925153603952131,0.8002362275803042,0.9325793711328801,0.5625405349575181
79.0,0.5207926860000001,0.29591118741297323,0.04360174552695877,0.19727718645622178,0.3945451883697247,0.8587469575083482,0.02892220971020901,0.7933203736468305,0.9241735413698658,0.562835770095375
79.5,0.523201223,0.28771564338614974,0.042673158934780575,0.19118225124022448,0.384249035532075,0.8516272668395783,0.02962952500370132,0.7846006246204907,0.918653909058666,0.5639116234534286
80.0,0.52560976,0.2793785292075077,0.04196368788692007,0.18445007207433767,0.37430698634067777,0.8455206527759256,0.03101307035537507,0.7753642135294158,0.9156770920224354,0.5661421235684179
80.5,0.52773205,0.2718475818192588,0.04148600851285332,0.17799971050368152,0.36569545313483603,0.8399335106206518,0.03310154742321963,0.7650526080156609,0.9148144132256427,0.5680859288013931
81.0,0.52985434,0.2649623188741839,0.041177677161251376,0.17181194153416546,0.3581126962142024,0.8352597038050812,0.03531646598682383,0.7553683073062945,0.9151511003038679,0.5702973849308972
81.5,0.5319766300000001,0.2595166899166889,0.041063753711199434,0.16662402532522252,0.3524093545081553,0.8317750576936819,0.037410732373003755,0.7471461014884737,0.91640401389889,0.572258367776993
82.0,0.53409892,0.2554555588959281,0.04139802053945418,0.16180673020462066,0.3491043875872355,0.8287149541582821,0.039139558283736615,0.7401751220357818,0.9172547862807824,0.573259395262354
82.5,0.53622121,0.25272192145570477,0.042368346934973725,0.15687806195846643,0.3485657809529431,0.8249756082091491,0.04102848860215022,0.7321627188367171,0.917788497581581,0.5722536867534442
83.0,0.5383435,0.251380753170106,0.04400428564805125,0.15183614319508904,0.35092536314512296,0.8232387263621819,0.04276613057844227,0.726495017746605,0.9199824349777588,0.5718579731920759
83.5,0.54046579,0.2516311084553025,0.04616823586155424,0.14719130300475008,0.35607091390585494,0.8314441127071353,0.04101973252278762,0.738651030962352,0.9242371944519185,0.5798130042518328
84.0,0.54258808,0.25266380741188516,0.0486394107575663,0.1426338159696538,0.3626937988541165,0.8359299777594256,0.04080235934562119,0.7436286283043817,0.9282313272144694,0.5832661703475404
84.5,0.54471037,0.25445476936192735,0.050862565423142825,0.13939565266882958,0.3695138860550251,0.8391405927622854,0.041148924071182535,0.7460552594309203,0.9322259260936504,0.584685823400358
85.0,0.54683266,0.2564882591813942,0.05272536738314305,0.13721519169150323,0.37576132667128515,0.8427580549050259,0.04198076255448481,0.7477909721903209,0.9377251376197309,0.5862697957236317
85.5,0.549100614,0.25830391736700975,0.05384365166925498,0.13650111506918353,0.380106719664836,0.8476198232884646,0.042402171990171975,0.7516994462003257,0.9435402003766036,0.5893159059214549
86.0,0.551368568,0.25997683247530856,0.05378542074199391,0.13830575768668557,0.38164790726393155,0.8530796426707384,0.0422251231320743,0.7575597779251202,0.9485995074163567,0.5931028101954299
86.5,0.553636522,0.2611761915243872,0.052789433989631415,0.14175819530172884,0.38059418774704556,0.859310254189545,0.041189540806424,0.7661330394196217,0.9524874689594682,0.5981340626651578
87.0,0.555904476,0.26237641753809904,0.05110378396462151,0.14677162659358203,0.37798120848261607,0.865652582879416,0.039437743762594936,0.7764382083400574,0.9548669574187747,0.603276165341317
87.5,0.5581724299999999,0.2635340245360251,0.04918583248318259,0.15226794127325177,0.3748001077987984,0.8723219593081583,0.03744265438894988,0.7876207904859248,0.9570231281303917,0.6087879347721332
88.0,0.560440384,0.26515031226098834,0.04734366045115331,0.15805151165567954,0.37224911286629714,0.8760285021249837,0.03598456509345123,0.7946257604466435,0.957431243803324,0.6108781898639954
88.5,0.562708338,0.26708633033652396,0.04578576996786155,0.16351172284693583,0.3706609378261121,0.8780917333914038,0.03474161857444937,0.7995007320840681,0.9566827346987394,0.6110054030548798
89.0,0.564976292,0.2698593236574071,0.044595069970434435,0.16897826669580912,0.3707403806190051,0.8804079702750727,0.034106213763506664,0.803254354512123,0.9575615860380223,0.6105486466176655
89.5,0.567244246,0.2732372703741098,0.04353730893734206,0.17474903511010964,0.3717255056381099,0.8826775393530679,0.033624596028683125,0.8066134185987068,0.958741660107429,0.6094402689789582
90.0,0.5695122,0.2772490079805108,0.04280678286407391,0.18041333750580585,0.3740846784552157,0.8848621188017287,0.03307701332528129,0.8100367161821231,0.9596875214213343,0.6076131108212179
90.5,0.571737809,0.28158511642303474,0.042233564893182515,0.1860461550870585,0.377124077759011,0.8869369571108218,0.03225400442962697,0.8139733299596132,0.9599005842620303,0.605351840687787
91.0,0.5739634180000001,0.2862090335125192,0.041619074470536956,0.19206014608763583,0.38035792093740256,0.8903350760709401,0.030673837937455106,0.8209460338685002,0.95972411827338,0.604126042558421
91.5,0.576189027,0.29144286919494783,0.041374167371255724,0.19784800011893733,0.38503773827095833,0.8976443099945911,0.02767835247574894,0.8350315266855751,0.9602570933036071,0.6062014407996432
92.0,0.578414636,0.29676384335724987,0.041635268606870446,0.20257832225086347,0.39094936446363626,0.9082214775566271,0.024309481611873608,0.8532296096030572,0.963213345510197,0.6114576341993772
92.5,0.580640245,0.3020526541447076,0.04259243162717686,0.20570187985591598,0.39840342843349924,0.9167715391469213,0.023136918636333194,0.8644321929273677,0.9691108853664749,0.6147188850022137
93.0,0.582865854,0.30649411879191657,0.044375693921674265,0.20610932493038003,0.4068789126534531,0.9229995738501063,0.024238812163805315,0.868167571294679,0.9778315764055336,0.6165054550581898
93.5,0.585091463,0.3096843065417106,0.04664310612035365,0.2041702699337887,0.41519834314963244,0.927806124927011,0.025761499085768698,0.86952956524428,0.9860826846097419,0.6181218183853003
94.0,0.5873170719999999,0.31155213333207205,0.04931886719187067,0.19998510465013178,0.42311916201401234,0.9315037966946156,0.02794284179386382,0.8682926969801277,0.9947148964091035,0.6199516633625435
94.5,0.589542681,0.3113983400776344,0.05192022792405384,0.19394662458221856,0.4288500555730502,0.9331354805844752,0.030476118705077642,0.864193710359792,1.0020772508091584,0.6217371405068408
95.0,0.59176829,0.3094638030445974,0.05426045447682477,0.1867181272901295,0.43220947879906535,0.9320941920661753,0.03283347405087709,0.8578197135605995,1.0063686705717512,0.6226303890215779
95.5,0.593634821,0.3057668742929198,0.05611260428742565,0.17883134457772223,0.43270240400811744,0.9284904492564324,0.034576088365002235,0.8502739032980663,1.0067069952147985,0.6227235749635126
96.0,0.595501352,0.30096252360600495,0.0571587237768207,0.1716605071946711,0.4302645400173388,0.9230325890007552,0.035348117975697944,0.8430695907286184,1.0029955872728922,0.6220700653947503
96.5,0.597367883,0.2953828283968764,0.057466704224798396,0.1653841118091308,0.425381544984622,0.9166534534910097,0.03527812805059213,0.8368487834292786,0.9964581235527408,0.6212706250941333
97.0,0.599234414,0.29010683211724053,0.05709662234198874,0.1609452989115353,0.41926836532294576,0.9098671083663495,0.033987546038374596,0.8329819376478069,0.9867522790848922,0.619760276249109
97.5,0.601100945,0.2856109859736827,0.05602622637545738,0.1588708566707565,0.41235111527660884,0.9032798839791868,0.031653733236439635,0.831674164607302,0.9748856033510716,0.6176688980055041
98.0,0.602967476,0.28190807026159714,0.05440620993342448,0.15883267275695712,0.40498346776623717,0.8977660352239875,0.028455422579889107,0.833395397212851,0.9621366732351239,0.6158579649623903
98.5,0.604834007,0.2799122827566552,0.05252489595933884,0.1610927131340705,0.3987318523792399,0.8954808915163348,0.026394386122233847,0.8357726418907867,0.9551891411418829,0.6155686087596797
99.0,0.606700538,0.2796102132968198,0.05068752459111241,0.16494706647569157,0.394273360117948,0.8972513332352612,0.025407461443384256,0.8397756623411702,0.9547270041293522,0.6176411199384414
99.5,0.608567069,0.2808504078289532,0.049038479400747376,0.16991766039707934,0.3917831552608271,0.8989026276308364,0.024192078029964904,0.844176345031026,0.9536289102306468,0.6180522198018832
